{
 "S5|A kernel com e (ZONE 1.5, STRENGTH 1.0)": {
  "rel": 1.1589164879931104,
  "ci": [
   1.0508969780229336,
   1.431061225109147
  ],
  "bias": -8.643668660287176,
  "per_gara": {
   "Australia": 1.679120689656429,
   "Cina": 1.108428571431432,
   "Giappone": 1.1392193396218318,
   "Miami": 0.8210657894751421,
   "Canada": 1.424367647060535,
   "Monaco": 2.96292307692147,
   "Spagna": 1.178613636364389,
   "Austria": 1.183001760561865,
   "Gran Bretagna": 0.9933653846144352,
   "Belgio": 1.0588181818179692
  }
 },
 "S5|B traffico SPENTO (nessuna interazione)": {
  "rel": 1.2182378018094369,
  "ci": [
   1.0464318181811905,
   1.4552778213172815
  ],
  "bias": -8.762475478469241,
  "per_gara": {
   "Australia": 1.6648965517251781,
   "Cina": 1.2166428571399592,
   "Giappone": 1.1392193396218318,
   "Miami": 1.0432500000006257,
   "Canada": 1.424367647060535,
   "Monaco": 2.874788461537719,
   "Spagna": 1.2456590909093848,
   "Austria": 1.2198327464789145,
   "Gran Bretagna": 0.9933653846144352,
   "Belgio": 1.0464318181811905
  }
 },
 "S5|C traffico del FONDO (a=0.748, lam=0.5)": {
  "rel": 1.1833314602669134,
  "ci": [
   1.051452072626489,
   1.5391086538925265
  ],
  "bias": -8.730847411428613,
  "per_gara": {
   "Australia": 1.6801845711443093,
   "Cina": 1.3054453351933262,
   "Giappone": 1.168616723929972,
   "Miami": 0.8104235933096788,
   "Canada": 1.5391086538925265,
   "Monaco": 2.9966308314678827,
   "Spagna": 1.1980461966038547,
   "Austria": 1.1604944970481483,
   "Gran Bretagna": 0.9657126186111782,
   "Belgio": 1.051452072626489
  }
 },
 "S5|D fondo traffico + degrado": {
  "rel": 1.1672065039856534,
  "ci": [
   1.0577748001862801,
   1.5361747906026721
  ],
  "bias": -8.33284741142893,
  "per_gara": {
   "Australia": 1.632137931035686,
   "Cina": 1.3054453351924167,
   "Giappone": 1.1578667239300557,
   "Miami": 0.8819235933078744,
   "Canada": 1.5361747906026721,
   "Monaco": 3.0000096396067875,
   "Spagna": 1.176546284041251,
   "Austria": 1.1498369817618368,
   "Gran Bretagna": 0.9657126186107234,
   "Belgio": 1.064196861673281
  }
 },
 "S5|E kernel + degrado": {
  "rel": 1.158916487993224,
  "ci": [
   1.0508969780224788,
   1.4310612251096018
  ],
  "bias": -8.245668660287038,
  "per_gara": {
   "Australia": 1.6791206896555195,
   "Cina": 1.108428571429613,
   "Giappone": 1.1392193396227412,
   "Miami": 0.8376973684207769,
   "Canada": 1.4243676470591708,
   "Monaco": 2.9879230769220158,
   "Spagna": 1.178613636363707,
   "Austria": 1.183001760563684,
   "Gran Bretagna": 0.9933653846153447,
   "Belgio": 1.0588181818179692
  }
 },
 "S5|F kernel + carburante ri-aggiunto (3,0 kernel)": {
  "rel": 1.1589164879929967,
  "ci": [
   1.0508969780224788,
   1.4310612251089196
  ],
  "bias": -2.0965135489522027,
  "per_gara": {
   "Australia": 1.6791206896541553,
   "Cina": 1.108428571429613,
   "Giappone": 1.1392193396222865,
   "Miami": 0.8210657894724136,
   "Canada": 1.4243676470582614,
   "Monaco": 2.96292307692147,
   "Spagna": 1.178613636363707,
   "Austria": 1.183001760563684,
   "Gran Bretagna": 0.9933653846153447,
   "Belgio": 1.0588181818197882
  }
 },
 "S5|G kernel + carburante ri-aggiunto (2,1939 fondo 2026)": {
  "rel": 1.1589164879917462,
  "ci": [
   1.0508969780215693,
   1.4310612251096018
  ],
  "bias": -3.9095440981436695,
  "per_gara": {
   "Australia": 1.679120689656429,
   "Cina": 1.108428571427794,
   "Giappone": 1.139219339621377,
   "Miami": 0.8210657894742326,
   "Canada": 1.424367647060535,
   "Monaco": 2.962923076923744,
   "Spagna": 1.1786136363621154,
   "Austria": 1.1830017605627745,
   "Gran Bretagna": 0.9933653846153447,
   "Belgio": 1.0588181818179692
  }
 },
 "S5|H fondo pieno: carb 2026 + traffico fondo + degrado": {
  "rel": 1.1672065039855397,
  "ci": [
   1.0577748001866212,
   1.5361747906035816
  ],
  "bias": -3.504497066957356,
  "per_gara": {
   "Australia": 1.632137931032048,
   "Cina": 1.3054453351933262,
   "Giappone": 1.1578667239300557,
   "Miami": 0.8819235933106029,
   "Canada": 1.5361747906035816,
   "Monaco": 3.000009639607242,
   "Spagna": 1.1765462840410237,
   "Austria": 1.1498369817620642,
   "Gran Bretagna": 0.9657126186111782,
   "Belgio": 1.0641968616728263
  }
 },
 "S10|A kernel com e (ZONE 1.5, STRENGTH 1.0)": {
  "rel": 2.1845906946837204,
  "ci": [
   1.8330340909074039,
   3.5408235294034967
  ],
  "bias": -16.221923374612288,
  "per_gara": {
   "Australia": 4.126103448278627,
   "Cina": 2.499285714286998,
   "Giappone": 2.2081132075500136,
   "Miami": 1.8681842105274882,
   "Canada": 3.5408235294034967,
   "Monaco": 4.150884615384257,
   "Spagna": 1.5049999999973807,
   "Austria": 1.4721338028141417,
   "Gran Bretagna": 2.0730769230722217,
   "Belgio": 2.161068181817427
  }
 },
 "S10|B traffico SPENTO (nessuna interazione)": {
  "rel": 2.2742699564574878,
  "ci": [
   2.0270287081311835,
   3.632000000000062
  ],
  "bias": -16.35434442724386,
  "per_gara": {
   "Australia": 4.126103448278627,
   "Cina": 2.76678571428738,
   "Giappone": 2.2289245283009222,
   "Miami": 1.9684210526284005,
   "Canada": 3.632000000000062,
   "Monaco": 4.189499999999498,
   "Spagna": 2.0856363636339665,
   "Austria": 1.7114330985898505,
   "Gran Bretagna": 2.3196153846140533,
   "Belgio": 2.080454545455723
  }
 },
 "S10|C traffico del FONDO (a=0.748, lam=0.5)": {
  "rel": 2.4676274850266964,
  "ci": [
   1.9178472351582059,
   3.7392521703204693
  ],
  "bias": -16.07741061875936,
  "per_gara": {
   "Australia": 4.033880427187341,
   "Cina": 2.896495983728528,
   "Giappone": 1.9178472351582059,
   "Miami": 1.9380775214467576,
   "Canada": 3.7392521703204693,
   "Monaco": 4.668199156621085,
   "Spagna": 1.5739599334074228,
   "Austria": 1.6986741261523548,
   "Gran Bretagna": 2.620685606559391,
   "Belgio": 2.3145693634940017
  }
 },
 "S10|D fondo traffico + degrado": {
  "rel": 2.5223097490764985,
  "ci": [
   1.9178472351582059,
   3.5634019562880894
  ],
  "bias": -14.189660618761081,
  "per_gara": {
   "Australia": 4.126103448288632,
   "Cina": 2.8964959837294373,
   "Giappone": 1.9178472351582059,
   "Miami": 1.9944914514626362,
   "Canada": 3.5634019562880894,
   "Monaco": 4.389030814053513,
   "Spagna": 1.5739599334083323,
   "Austria": 1.916364728192093,
   "Gran Bretagna": 2.620685606561665,
   "Belgio": 2.423933891591332
  }
 },
 "S10|E kernel + degrado": {
  "rel": 2.2083975128635984,
  "ci": [
   1.8681842105252144,
   3.6320000000005166
  ],
  "bias": -14.196585139318358,
  "per_gara": {
   "Australia": 4.12610344827408,
   "Cina": 2.4992857142856337,
   "Giappone": 2.208113207545466,
   "Miami": 1.8681842105252144,
   "Canada": 3.6320000000005166,
   "Monaco": 4.150884615385166,
   "Spagna": 1.5049999999973807,
   "Austria": 1.7154507042259866,
   "Gran Bretagna": 2.0730769230763144,
   "Belgio": 2.2086818181817307
  }
 },
 "S10|F kernel + carburante ri-aggiunto (3,0 kernel)": {
  "rel": 2.1845906946803098,
  "ci": [
   1.8330340909085407,
   3.5408235294125916
  ],
  "bias": -5.905090311006006,
  "per_gara": {
   "Australia": 4.126103448269532,
   "Cina": 2.499285714285179,
   "Giappone": 2.2081132075409187,
   "Miami": 1.8681842105274882,
   "Canada": 3.5408235294125916,
   "Monaco": 4.150884615384257,
   "Spagna": 1.5049999999973807,
   "Austria": 1.4721338028159607,
   "Gran Bretagna": 2.073076923080407,
   "Belgio": 2.161068181819701
  }
 },
 "S10|G kernel + carburante ri-aggiunto (2,1939 fondo 2026)": {
  "rel": 2.184590694681333,
  "ci": [
   1.833034090909564,
   3.5408235294125916
  ],
  "bias": -8.47246438294087,
  "per_gara": {
   "Australia": 4.126103448278627,
   "Cina": 2.4992857142897265,
   "Giappone": 2.2081132075409187,
   "Miami": 1.8681842105229407,
   "Canada": 3.5408235294125916,
   "Monaco": 4.150884615379709,
   "Spagna": 1.5049999999973807,
   "Austria": 1.4721338028186892,
   "Gran Bretagna": 2.073076923076769,
   "Belgio": 2.161068181821747
  }
 },
 "S10|H fondo pieno: carb 2026 + traffico fondo + degrado": {
  "rel": 2.522309749076612,